INSERT INTO building (num_of_flats, address)
VALUES
(30, 'Peremogi 1'),
(30, 'Peremogi 2'),
(30, 'Peremogi 3'),
(30, 'Peremogi 4'),
(30, 'Peremogi 5');

INSERT INTO flat (building_id, apartment_number, area, floor, num_of_rooms)
VALUES
(1, 1, 80, 1, 2),
(1, 2, 75, 1, 3),
(1, 3, 70, 1, 2),
(1, 4, 85, 2, 3),
(1, 5, 90, 2, 4),
(1, 6, 95, 2, 2),
(1, 7, 75, 3, 3),
(1, 8, 80, 3, 2),
(1, 9, 70, 3, 1),
(1, 10, 65, 4, 2),
(1, 11, 75, 4, 3),
(1, 12, 80, 4, 2),
(1, 13, 85, 5, 3),
(1, 14, 90, 5, 4),
(1, 15, 95, 5, 2),
(1, 16, 75, 6, 3),
(1, 17, 80, 6, 2),
(1, 18, 70, 6, 1),
(1, 19, 65, 7, 2),
(1, 20, 75, 7, 3),
(1, 21, 80, 7, 2),
(1, 22, 85, 8, 3),
(1, 23, 90, 8, 4),
(1, 24, 95, 8, 2),
(1, 25, 75, 9, 3),
(1, 26, 80, 9, 2),
(1, 27, 70, 9, 1),
(1, 28, 65, 10, 2),
(1, 29, 75, 10, 3),
(1, 30, 80, 10, 2),
(2, 1, 80, 1, 2),
(2, 2, 75, 1, 3),
(2, 3, 70, 1, 2),
(2, 4, 85, 2, 3),
(2, 5, 90, 2, 4),
(2, 6, 95, 2, 2),
(2, 7, 75, 3, 3),
(2, 8, 80, 3, 2),
(2, 9, 70, 3, 1),
(2, 10, 65, 4, 2),
(2, 11, 75, 4, 3),
(2, 12, 80, 4, 2),
(2, 13, 85, 5, 3),
(2, 14, 90, 5, 4),
(2, 15, 95, 5, 2),
(2, 16, 75, 6, 3),
(2, 17, 80, 6, 2),
(2, 18, 70, 6, 1),
(2, 19, 65, 7, 2),
(2, 20, 75, 7, 3),
(2, 21, 80, 7, 2),
(2, 22, 85, 8, 3),
(2, 23, 90, 8, 4),
(2, 24, 95, 8, 2),
(2, 25, 75, 9, 3),
(2, 26, 80, 9, 2),
(2, 27, 70, 9, 1),
(2, 28, 65, 10, 2),
(2, 29, 75, 10, 3),
(2, 30, 80, 10, 2),
(3, 1, 80, 1, 2),
(3, 2, 75, 1, 3),
(3, 3, 70, 1, 2),
(3, 4, 85, 2, 3),
(3, 5, 90, 2, 4),
(3, 6, 95, 2, 2),
(3, 7, 75, 3, 3),
(3, 8, 80, 3, 2),
(3, 9, 70, 3, 1),
(3, 10, 65, 4, 2),
(3, 11, 75, 4, 3),
(3, 12, 80, 4, 2),
(3, 13, 85, 5, 3),
(3, 14, 90, 5, 4),
(3, 15, 95, 5, 2),
(3, 16, 75, 6, 3),
(3, 17, 80, 6, 2),
(3, 18, 70, 6, 1),
(3, 19, 65, 7, 2),
(3, 20, 75, 7, 3),
(3, 21, 80, 7, 2),
(3, 22, 85, 8, 3),
(3, 23, 90, 8, 4),
(3, 24, 95, 8, 2),
(3, 25, 75, 9, 3),
(3, 26, 80, 9, 2),
(3, 27, 70, 9, 1),
(3, 28, 65, 10, 2),
(3, 29, 75, 10, 3),
(3, 30, 80, 10, 2),
(4, 1, 80, 1, 2),
(4, 2, 75, 1, 3),
(4, 3, 70, 1, 2),
(4, 4, 85, 2, 3),
(4, 5, 90, 2, 4),
(4, 6, 95, 2, 2),
(4, 7, 75, 3, 3),
(4, 8, 80, 3, 2),
(4, 9, 70, 3, 1),
(4, 10, 65, 4, 2),
(4, 11, 75, 4, 3),
(4, 12, 80, 4, 2),
(4, 13, 85, 5, 3),
(4, 14, 90, 5, 4),
(4, 15, 95, 5, 2),
(4, 16, 75, 6, 3),
(4, 17, 80, 6, 2),
(4, 18, 70, 6, 1),
(4, 19, 65, 7, 2),
(4, 20, 75, 7, 3),
(4, 21, 80, 7, 2),
(4, 22, 85, 8, 3),
(4, 23, 90, 8, 4),
(4, 24, 95, 8, 2),
(4, 25, 75, 9, 3),
(4, 26, 80, 9, 2),
(4, 27, 70, 9, 1),
(4, 28, 65, 10, 2),
(4, 29, 75, 10, 3),
(4, 30, 80, 10, 2),
(5, 1, 80, 1, 2),
(5, 2, 75, 1, 3),
(5, 3, 70, 1, 2),
(5, 4, 85, 2, 3),
(5, 5, 90, 2, 4),
(5, 6, 95, 2, 2),
(5, 7, 75, 3, 3),
(5, 8, 80, 3, 2),
(5, 9, 70, 3, 1),
(5, 10, 65, 4, 2),
(5, 11, 75, 4, 3),
(5, 12, 80, 4, 2),
(5, 13, 85, 5, 3),
(5, 14, 90, 5, 4),
(5, 15, 95, 5, 2),
(5, 16, 75, 6, 3),
(5, 17, 80, 6, 2),
(5, 18, 70, 6, 1),
(5, 19, 65, 7, 2),
(5, 20, 75, 7, 3),
(5, 21, 80, 7, 2),
(5, 22, 85, 8, 3),
(5, 23, 90, 8, 4),
(5, 24, 95, 8, 2),
(5, 25, 75, 9, 3),
(5, 26, 80, 9, 2),
(5, 27, 70, 9, 1),
(5, 28, 65, 10, 2),
(5, 29, 75, 10, 3),
(5, 30, 80, 10, 2);

INSERT INTO person (id, name, email, phone, parking_right, residential_flat)
VALUES
(1, 'Ангеліна Макарова', 'makarova@icloud.com', +380000162490, 0, null),
(2, 'Світлана Петрова', 'petrova@outlook.com', +380670221117, 1, null),
(3, 'Михайло Смирнов', 'smirnov@icloud.com', +380323838511, 0, null),
(4, 'Ірина Титова', 'titova@icloud.com', +380671283514, 1, 130),
(5, 'Оксана Семенова', 'semenova@outlook.com', +380748321053, 1, 79),
(6, 'Роман Соколов', 'sokolov@icloud.com', +380116202831, 1, 62),
(7, 'Оксана Козлова', 'kozlova@ukr.net', +380391904158, 0, 28),
(8, 'Анна Белова', 'belova@outlook.com', +380615127602, 1, 56),
(9, 'Ангеліна Кудрявцева', 'kudryavtseva@gmail.com', +380389144992, 1, 78),
(10, 'Андрій Анисимов', 'anisimov@gmail.com', +380777476800, 1, null),
(11, 'Іван Петров', 'petrov@ukr.net', +380739592465, 1, 58),
(12, 'Григорій Киселев', 'kiselev@gmail.com', +380994132910, 1, 2),
(13, 'Григорій Алексеев', 'alekseev@outlook.com', +380741815909, 0, 71),
(14, 'Василь Макаров', 'makarov@yahoo.com', +380614003736, 1, 68),
(15, 'Дмитро Петров', 'petrov@yahoo.com', +380274340065, 1, null),
(16, 'Світлана Семенова', 'semenova@ukr.net', +380266591456, 0, 98),
(17, 'Андрій Степанов', 'stepanov@yahoo.com', +380694454745, 0, null),
(18, 'Оксана Титова', 'titova@ukr.net', +380659074064, 1, null),
(19, 'Дарина Баранова', 'baranova@outlook.com', +380320362477, 1, 49),
(20, 'Василь Анисимов', 'anisimov@gmail.com', +380011402202, 0, null),
(21, 'Михайло Белов', 'belov@ukr.net', +380548710172, 1, 46),
(22, 'Тетяна Семенова', 'semenova@icloud.com', +380804887397, 0, null),
(23, 'Григорій Егоров', 'egorov@gmail.com', +380720430349, 1, 69),
(24, 'Лариса Николаева', 'nikolaeva@gmail.com', +380336103860, 0, 34),
(25, 'Юрій Анисимов', 'anisimov@gmail.com', +380616087911, 0, null),
(26, 'Андрій Морозов', 'morozov@gmail.com', +380992626972, 1, 5),
(27, 'Катерина Макарова', 'makarova@yahoo.com', +380516961545, 1, 126),
(28, 'Андрій Киселев', 'kiselev@yahoo.com', +380107095667, 0, null),
(29, 'Роман Михайлов', 'mikhaylov@icloud.com', +380047803678, 0, 107),
(30, 'Роман Волков', 'volkov@yahoo.com', +380324334306, 0, null),
(31, 'Роман Николаев', 'nikolaev@outlook.com', +380069314048, 0, null),
(32, 'Ярослав Киселев', 'kiselev@ukr.net', +380118187657, 0, null),
(33, 'Катерина Титова', 'titova@ukr.net', +380190424116, 0, null),
(34, 'Павло Баранов', 'baranov@ukr.net', +380067558828, 0, null),
(35, 'Іван Алексеев', 'alekseev@gmail.com', +380534990889, 1, 138),
(36, 'Ігор Киселев', 'kiselev@icloud.com', +380426906747, 1, 77),
(37, 'Світлана Кудрявцева', 'kudryavtseva@outlook.com', +380963764470, 1, null),
(38, 'Михайло Іванов', 'nullvanov@icloud.com', +380878302859, 0, 96),
(39, 'Дмитро Соколов', 'sokolov@gmail.com', +380337032802, 1, 68),
(40, 'Ольга Титова', 'titova@icloud.com', +380468011169, 1, null),
(41, 'Тетяна Соколова', 'sokolova@gmail.com', +380096754620, 1, null),
(42, 'Максим Орлов', 'orlov@ukr.net', +380803913184, 0, 127),
(43, 'Марія Семенова', 'semenova@yahoo.com', +380748510782, 1, null),
(44, 'Дарина Петрова', 'petrova@ukr.net', +380383463042, 1, null),
(45, 'Ігор Макаров', 'makarov@gmail.com', +380724491071, 1, 86),
(46, 'Максим Николаев', 'nikolaev@icloud.com', +380323571824, 0, null),
(47, 'Оксана Егорова', 'egorova@gmail.com', +380381546447, 0, null),
(48, 'Людмила Кудрявцева', 'kudryavtseva@icloud.com', +380442254253, 0, 48),
(49, 'Людмила Ковалева', 'kovaleva@icloud.com', +380454622517, 1, null),
(50, 'Світлана Семенова', 'semenova@yahoo.com', +380046004296, 1, null),
(51, 'Тетяна Петрова', 'petrova@outlook.com', +380428149582, 1, 1),
(52, 'Григорій Егоров', 'egorov@yahoo.com', +380942789879, 0, null),
(53, 'Марія Горбачева', 'gorbacheva@icloud.com', +380857415008, 1, null),
(54, 'Олександр Комаров', 'komarov@ukr.net', +380361841546, 0, 79),
(55, 'Оксана Степанова', 'stepanova@outlook.com', +380914403291, 1, 41),
(56, 'Оксана Андреева', 'andreeva@gmail.com', +380302708922, 1, 104),
(57, 'Павло Петров', 'petrov@outlook.com', +380036608721, 0, null),
(58, 'Василь Михайлов', 'mikhaylov@outlook.com', +380224930875, 1, 80),
(59, 'Анна Егорова', 'egorova@gmail.com', +380067162443, 1, null),
(60, 'Дарина Смирнова', 'smirnova@yahoo.com', +380662430703, 0, null),
(61, 'Катерина Петрова', 'petrova@yahoo.com', +380421148321, 1, null),
(62, 'Павло Андреев', 'andreev@ukr.net', +380957900804, 0, 132),
(63, 'Ярослав Кудрявцев', 'kudryavtsev@outlook.com', +380099583648, 1, null),
(64, 'Катерина Кудрявцева', 'kudryavtseva@gmail.com', +380624991603, 1, 55),
(65, 'Дарина Егорова', 'egorova@yahoo.com', +380319208443, 1, 44),
(66, 'Наталія Макарова', 'makarova@gmail.com', +380376312440, 0, 64),
(67, 'Андрій Комаров', 'komarov@yahoo.com', +380463558849, 1, 38),
(68, 'Сергій Орлов', 'orlov@yahoo.com', +380408662044, 0, 146),
(69, 'Іван Киселев', 'kiselev@outlook.com', +380120192147, 1, null),
(70, 'Тетяна Павлова', 'pavlova@yahoo.com', +380107727384, 1, 105),
(71, 'Юрій Горбачев', 'gorbachev@outlook.com', +380759744268, 0, null),
(72, 'Вікторія Ковалева', 'kovaleva@icloud.com', +380831557350, 1, 81),
(73, 'Оксана Павлова', 'pavlova@yahoo.com', +380270574845, 1, null),
(74, 'Тетяна Титова', 'titova@yahoo.com', +380064566231, 1, 114),
(75, 'Роман Белов', 'belov@outlook.com', +380880857529, 0, 21),
(76, 'Тетяна Федорова', 'fedorova@gmail.com', +380220196644, 1, null),
(77, 'Роман Алексеев', 'alekseev@outlook.com', +380651804025, 1, 58),
(78, 'Софія Федорова', 'fedorova@ukr.net', +380875415318, 1, null),
(79, 'Олена Павлова', 'pavlova@icloud.com', +380145859596, 1, 7),
(80, 'Михайло Волков', 'volkov@outlook.com', +380536954726, 1, null),
(81, 'Лариса Іванова', 'nullvanova@icloud.com', +380175726495, 0, null),
(82, 'Софія Павлова', 'pavlova@gmail.com', +380174789435, 0, 86),
(83, 'Софія Кудрявцева', 'kudryavtseva@outlook.com', +380119593365, 1, null),
(84, 'Ярослав Андреев', 'andreev@gmail.com', +380666175000, 1, null),
(85, 'Наталія Козлова', 'kozlova@gmail.com', +380282930998, 1, 125),
(86, 'Людмила Анисимова', 'anisimova@yahoo.com', +380973862386, 1, 105),
(87, 'Марія Смирнова', 'smirnova@outlook.com', +380698625290, 1, null),
(88, 'Софія Кузнецова', 'kuznetsova@ukr.net', +380592991872, 0, 60),
(89, 'Наталія Козлова', 'kozlova@icloud.com', +380098674225, 0, null),
(90, 'Михайло Баранов', 'baranov@yahoo.com', +380313435470, 1, null),
(91, 'Ігор Семенов', 'semenov@ukr.net', +380594040507, 0, 48),
(92, 'Ангеліна Белова', 'belova@outlook.com', +380911551713, 1, 58),
(93, 'Тетяна Михайлова', 'mikhaylova@icloud.com', +380739803966, 0, 124),
(94, 'Марія Андреева', 'andreeva@icloud.com', +380633938537, 0, null),
(95, 'Андрій Козлов', 'kozlov@ukr.net', +380559102670, 1, null),
(96, 'Тетяна Николаева', 'nikolaeva@icloud.com', +380446430073, 1, 47),
(97, 'Анна Морозова', 'morozova@gmail.com', +380716144209, 0, null),
(98, 'Максим Степанов', 'stepanov@outlook.com', +380664742331, 1, 133),
(99, 'Олена Ковалева', 'kovaleva@gmail.com', +380005808075, 1, null),
(100, 'Тетяна Комарова', 'komarova@ukr.net', +380654862585, 1, null);

INSERT INTO ownership (flat_id, person_id)
VALUES
(1, 1),
(2, 1),
(3,2),
(4, 4),
(5, 3),
(6, 5),
(7, 5),
(8, 7),
(9, 8),
(10, 2)
;